TransactionID,Challenge,Seed,Winner
0,17,t+qQAbbS&AgWP,1660059862.0445366
1,13,E\^,1660059862.0455887
2,15,"q<C7u@F(""6EI[""",1660059862.0445366
3,20,ZzYv]2]f?+PavW;a,1660059862.0455887
4,18,{NU0@{,1660059862.0445366
5,14,[7z,1660059862.0445366
6,13,E\^,1660059862.0445366
7,14,Rg3;NMFz,1660059862.0445366
8,15,"q<C7u@F(""6EI[""",1660059862.0445366
9,21, ,-1.0
